{"cameraMode":{"drawMode":0,"name":"Shaded","section":"Shading Mode"},"sceneLighting":true,"audioPlay":false,"sceneViewState":{"showFog":true,"showMaterialUpdate":false,"showSkybox":true,"showFlares":true,"showImageEffects":true,"showParticleSystems":true},"in2DMode":false,"pivot":{"x":17.76082992553711,"y":25.05584716796875,"z":-3.285726547241211},"rotation":{"x":-0.32045912742614748,"y":0.3492431640625,"z":-0.1284807324409485,"w":-0.8711124062538147},"size":9.472879409790039,"orthographic":true}